0,data/scene_datasets/mp3d/r47D5H71a5s/r47D5H71a5s.glb
0,data/scene_datasets/mp3d/XcA2TqTSSAj/XcA2TqTSSAj.glb
0,data/scene_datasets/mp3d/D7G3Y4RVNrH/D7G3Y4RVNrH.glb
0,data/scene_datasets/mp3d/VFuaQ6m2Qom/VFuaQ6m2Qom.glb
0,data/scene_datasets/mp3d/Pm6F8kyY3z2/Pm6F8kyY3z2.glb
0,data/scene_datasets/mp3d/Vvot9Ly1tCj/Vvot9Ly1tCj.glb
0,data/scene_datasets/mp3d/D7N2EKCX4Sj/D7N2EKCX4Sj.glb
0,data/scene_datasets/mp3d/HxpKQynjfin/HxpKQynjfin.glb
0,data/scene_datasets/mp3d/Uxmj2M2itWa/Uxmj2M2itWa.glb
0,data/scene_datasets/mp3d/ULsKaCPVFJR/ULsKaCPVFJR.glb
0,data/scene_datasets/mp3d/YmJkqBEsHnH/YmJkqBEsHnH.glb
0,data/scene_datasets/mp3d/VVfe2KiqLaN/VVfe2KiqLaN.glb
0,data/scene_datasets/mp3d/759xd9YjKW5/759xd9YjKW5.glb
0,data/scene_datasets/mp3d/B6ByNegPMKs/B6ByNegPMKs.glb
0,data/scene_datasets/mp3d/sKLMLpTHeUy/sKLMLpTHeUy.glb
0,data/scene_datasets/mp3d/GdvgFV5R1Z5/GdvgFV5R1Z5.glb
0,data/scene_datasets/mp3d/2n8kARJN3HM/2n8kARJN3HM.glb
0,data/scene_datasets/mp3d/PuKPg4mmafe/PuKPg4mmafe.glb
0,data/scene_datasets/mp3d/1LXtFkjw3qL/1LXtFkjw3qL.glb
0,data/scene_datasets/mp3d/PX4nDJXEHrG/PX4nDJXEHrG.glb
0,data/scene_datasets/mp3d/E9uDoFAP3SH/E9uDoFAP3SH.glb
0,data/scene_datasets/mp3d/S9hNv5qa7GM/S9hNv5qa7GM.glb
0,data/scene_datasets/mp3d/kEZ7cmS4wCh/kEZ7cmS4wCh.glb
0,data/scene_datasets/mp3d/uNb9QFRL6hY/uNb9QFRL6hY.glb
0,data/scene_datasets/mp3d/jh4fc5c5qoQ/jh4fc5c5qoQ.glb
0,data/scene_datasets/mp3d/gTV8FGcVJC9/gTV8FGcVJC9.glb
0,data/scene_datasets/mp3d/qoiz87JEwZ2/qoiz87JEwZ2.glb
0,data/scene_datasets/mp3d/p5wJjkQkbXX/p5wJjkQkbXX.glb
0,data/scene_datasets/mp3d/82sE5b5pLXE/82sE5b5pLXE.glb
0,data/scene_datasets/mp3d/ac26ZMwG7aT/ac26ZMwG7aT.glb
0,data/scene_datasets/mp3d/JeFG25nYj2p/JeFG25nYj2p.glb
0,data/scene_datasets/mp3d/SN83YJsR3w2/SN83YJsR3w2.glb
0,data/scene_datasets/mp3d/i5noydFURQK/i5noydFURQK.glb
0,data/scene_datasets/mp3d/V2XKFyX4ASd/V2XKFyX4ASd.glb
0,data/scene_datasets/mp3d/JF19kD82Mey/JF19kD82Mey.glb
0,data/scene_datasets/mp3d/e9zR4mvMWw7/e9zR4mvMWw7.glb
0,data/scene_datasets/mp3d/7y3sRwLe3Va/7y3sRwLe3Va.glb
0,data/scene_datasets/mp3d/s8pcmisQ38h/s8pcmisQ38h.glb
0,data/scene_datasets/mp3d/aayBHfsNo7d/aayBHfsNo7d.glb
0,data/scene_datasets/mp3d/JmbYfDe2QKZ/JmbYfDe2QKZ.glb
0,data/scene_datasets/mp3d/ur6pFq6Qu1A/ur6pFq6Qu1A.glb
0,data/scene_datasets/mp3d/sT4fr6TAbpF/sT4fr6TAbpF.glb
0,data/scene_datasets/mp3d/EDJbREhghzL/EDJbREhghzL.glb
0,data/scene_datasets/mp3d/r1Q1Z4BcV1o/r1Q1Z4BcV1o.glb
0,data/scene_datasets/mp3d/gZ6f7yhEvPG/gZ6f7yhEvPG.glb
0,data/scene_datasets/mp3d/vyrNrziPKCB/vyrNrziPKCB.glb
0,data/scene_datasets/mp3d/mJXqzFtmKg4/mJXqzFtmKg4.glb
0,data/scene_datasets/mp3d/29hnd4uzFmX/29hnd4uzFmX.glb
0,data/scene_datasets/mp3d/1pXnuDYAj8r/1pXnuDYAj8r.glb
0,data/scene_datasets/mp3d/VzqfbhrpDEA/VzqfbhrpDEA.glb
0,data/scene_datasets/mp3d/VLzqgDo317F/VLzqgDo317F.glb
0,data/scene_datasets/mp3d/5LpN3gDmAk7/5LpN3gDmAk7.glb
0,data/scene_datasets/mp3d/17DRP5sb8fy/17DRP5sb8fy.glb
0,data/scene_datasets/mp3d/pRbA3pwrgk9/pRbA3pwrgk9.glb
0,data/scene_datasets/mp3d/cV4RVeZvu5T/cV4RVeZvu5T.glb
0,data/scene_datasets/mp3d/dhjEzFoUFzH/dhjEzFoUFzH.glb
0,data/scene_datasets/mp3d/8WUmhLawc2A/8WUmhLawc2A.glb
0,data/scene_datasets/mp3d/5q7pvUzZiYa/5q7pvUzZiYa.glb
0,data/scene_datasets/mp3d/ZMojNkEp431/ZMojNkEp431.glb
0,data/scene_datasets/mp3d/rPc6DW4iMge/rPc6DW4iMge.glb
0,data/scene_datasets/mp3d/b8cTxDM8gDG/b8cTxDM8gDG.glb
